{"initial_reset_timestamp": 507.8441864, "timestamps": [533.9066077, 535.4187684, 536.7738218, 538.1431777, 539.4961971, 540.996089, 542.2960133, 568.1464539, 569.6341426, 571.0079713], "episode_lengths": [1000, 1000, 1000, 1000, 1000, 1000, 1000, 1000, 1000, 1000], "episode_rewards": [-1680.1572232597955, -1685.2150018351456, -1679.9546556489843, -1688.424405470656, -1551.8550704555958, -1683.012024256719, -1681.7233902206058, -1677.9918371727044, -1687.0316101002634, -1683.8914460057797], "episode_types": ["t", "t", "t", "t", "t", "t", "t", "t", "t", "t", "t"]}